subdir,img_dir,num_pred_classes,avg_l2,std_l2,avg_l2_class_0,std_l2_class_0,avg_l2_class_1,std_l2_class_1,avg_l2_class_2,std_l2_class_2,avg_l2_class_3,std_l2_class_3,avg_l2_class_4,std_l2_class_4,avg_l2_class_5,std_l2_class_5,avg_l2_class_6,std_l2_class_6,avg_l2_class_7,std_l2_class_7,avg_l2_class_8,std_l2_class_8,avg_l2_class_9,std_l2_class_9
cifar10_stochastic_alpha_0_test_img_210-215_iters_500,img_211,0,nan,nan,,,,,,,,,,,,,,,,,,,,
cifar10_stochastic_alpha_0_test_img_210-215_iters_500,img_212,2,2.057642508387566,0.22829845448177302,,,,,,,2.057113616362862,0.2284183921274758,,,2.1051947095177392,0.21191702004089824,,,,,,,,
cifar10_stochastic_alpha_0_test_img_210-215_iters_500,img_210,0,nan,nan,,,,,,,,,,,,,,,,,,,,
cifar10_stochastic_alpha_0_test_img_210-215_iters_500,img_214,0,nan,nan,,,,,,,,,,,,,,,,,,,,
cifar10_stochastic_alpha_0_test_img_210-215_iters_500,img_213,0,nan,nan,,,,,,,,,,,,,,,,,,,,
cifar10_stochastic_alpha_0_test_img_165-170_iters_500,img_168,0,nan,nan,,,,,,,,,,,,,,,,,,,,
cifar10_stochastic_alpha_0_test_img_165-170_iters_500,img_165,3,0.42193871069699523,0.2330670038636242,1.313050465150313,0.1567875547975194,,,,,,,0.659136176109314,0.21829808892521366,,,,,0.41051916431707625,0.21291765618714162,,,,
cifar10_stochastic_alpha_0_test_img_165-170_iters_500,img_166,4,3.5046665596961977,0.19751440878341453,3.450546532634675,0.1922455418709561,,,3.538924263234724,0.18507975484794975,,,3.5528091452390456,0.1783276991791286,,,,,,,3.8082680304845176,0.21644142000738925,,
cifar10_stochastic_alpha_0_test_img_165-170_iters_500,img_167,0,nan,nan,,,,,,,,,,,,,,,,,,,,
cifar10_stochastic_alpha_0_test_img_165-170_iters_500,img_169,3,1.3031806017756462,0.2624383546446369,1.5831216275691986,0.32101424054609284,,,,,,,1.2181190515359244,0.21707314971463654,,,,,1.5566725088999822,0.20845017159395426,,,,
cifar10_stochastic_alpha_0_test_img_195-200_iters_500,img_195,0,nan,nan,,,,,,,,,,,,,,,,,,,,
cifar10_stochastic_alpha_0_test_img_195-200_iters_500,img_197,3,1.6529410760402679,0.12078432567155747,1.6429456119092636,0.10702022541831396,,,,,,,,,1.890433144569397,0.03526326202945251,,,,,1.9348798274993897,0.15990257616419584,,
cifar10_stochastic_alpha_0_test_img_195-200_iters_500,img_196,5,4.782871438980102,0.28342815679846567,5.271595001220703,0.07383489608764648,5.076586577851893,0.24706616636440468,,,4.761602946835706,0.272415998162933,,,,,,,,,5.806304454803467,0.0,5.071489095687866,0.16307950019836426
cifar10_stochastic_alpha_0_test_img_195-200_iters_500,img_198,3,0.20131071143969895,0.20970355774267818,,,,,,,0.19743832100599193,0.2006802598904017,,,1.8012346029281616,0.0,,,0.575537346303463,0.3082215229894575,,,,
cifar10_stochastic_alpha_0_test_img_195-200_iters_500,img_199,2,1.4505807470083236,0.19163790881985968,,,,,,,1.4499667258717905,0.19143038348043157,,,,,,,,,1.5727709531784058,0.19375085378667206,,
cifar10_stochastic_alpha_0_test_img_120-125_iters_500,img_120,2,1.2146512206196785,0.20391114849171718,1.2147737701455195,0.204078862283675,,,,,,,,,,,,,,,1.1534990072250366,0.06073153018951416,,
cifar10_stochastic_alpha_0_test_img_120-125_iters_500,img_122,4,0.9968119007050991,0.3587333995298341,,,1.5038614456470196,0.5430658025467722,0.9691622477632686,0.3334999141056808,,,,,,,1.6307254274686178,0.23942412673780844,,,,,1.820830225944519,0.0
cifar10_stochastic_alpha_0_test_img_120-125_iters_500,img_121,2,0.9252574320137501,0.24286011144850084,,,,,,,1.0209071338176727,0.2310294200006944,,,0.9240956947448765,0.24276873501123067,,,,,,,,
cifar10_stochastic_alpha_0_test_img_120-125_iters_500,img_124,4,2.120810796260834,0.21671006968114573,2.0837393325703744,0.18291816100195699,1.9888354969930044,0.1955754730040536,,,,,,,,,,,,,2.285255273183187,0.21459668694050021,2.155324270242979,0.21387287971331562
cifar10_stochastic_alpha_0_test_img_120-125_iters_500,img_123,4,2.6374121841192246,0.24370947458505482,,,,,2.817792364529201,0.27171431705445237,,,,,2.6031773265160845,0.23274759966592173,2.7737890420500766,0.20829971325524835,2.54979373386928,0.3258363918756369,,,,
cifar10_stochastic_alpha_0_test_img_225-230_iters_500,img_225,1,4.946518303394318,0.2694993995350046,,,4.946518303394318,0.2694993995350046,,,,,,,,,,,,,,,,
cifar10_stochastic_alpha_0_test_img_225-230_iters_500,img_228,0,nan,nan,,,,,,,,,,,,,,,,,,,,
cifar10_stochastic_alpha_0_test_img_225-230_iters_500,img_229,0,nan,nan,,,,,,,,,,,,,,,,,,,,
cifar10_stochastic_alpha_0_test_img_225-230_iters_500,img_227,0,nan,nan,,,,,,,,,,,,,,,,,,,,
cifar10_stochastic_alpha_0_test_img_225-230_iters_500,img_226,3,0.5695467161163688,0.2820059636418684,,,,,,,0.53200237094998,0.20807095606279377,,,,,0.5133211394662366,0.4088878747734814,,,,,0.85012018932746,0.19154799679641216
cifar10_stochastic_alpha_0_test_img_155-160_iters_500,img_156,3,2.6751191718578338,0.16028592222094287,,,,,3.0783491134643555,0.1741211686797617,2.7069300514783046,0.1477548296009043,,,2.6310389535875705,0.1515477789427192,,,,,,,,
cifar10_stochastic_alpha_0_test_img_155-160_iters_500,img_159,2,3.2191918861865996,0.22528275394255962,4.314749717712402,0.0,,,,,,,,,,,,,3.218095231700588,0.22271163257584978,,,,
cifar10_stochastic_alpha_0_test_img_155-160_iters_500,img_157,7,5.033589466094971,0.3335592653161201,5.028440031994546,0.2862819994546269,5.153226613998413,0.056696176528930664,4.931354603767395,0.23855710413765438,5.348691940307617,0.0,,,,,5.3861589431762695,0.0,,,4.836435317993164,0.13921761456552995,7.100789615086147,0.46923697472980075
cifar10_stochastic_alpha_0_test_img_155-160_iters_500,img_158,0,nan,nan,,,,,,,,,,,,,,,,,,,,
cifar10_stochastic_alpha_0_test_img_155-160_iters_500,img_155,1,2.688336294054985,0.2546771107908265,,,,,,,,,,,,,2.688336294054985,0.2546771107908265,,,,,,
cifar10_stochastic_alpha_0_test_img_190-195_iters_500,img_191,0,nan,nan,,,,,,,,,,,,,,,,,,,,
cifar10_stochastic_alpha_0_test_img_190-195_iters_500,img_194,4,3.595420050382614,0.2487882334807625,,,,,,,,,3.4850176760443934,0.2129421879970606,3.4304179388989686,0.23242640947963605,3.683669060620985,0.21869593632097015,3.844068830663508,0.30597129479233043,,,,
cifar10_stochastic_alpha_0_test_img_190-195_iters_500,img_190,0,nan,nan,,,,,,,,,,,,,,,,,,,,
cifar10_stochastic_alpha_0_test_img_190-195_iters_500,img_192,6,2.6659837654829026,0.3353020447068486,3.274943503840216,0.3652484959493765,,,2.4824277618270374,0.24008489873955177,2.8440096037728444,0.2775150355812317,3.3174370527267456,0.15083801746368408,,,,,3.224508762359619,0.29877726611844085,,,2.744229670294269,0.27567121554005786
cifar10_stochastic_alpha_0_test_img_190-195_iters_500,img_193,6,3.6762690832614897,0.3631877242436942,3.6172918448184763,0.2664733301544916,5.300907135009766,0.15784404879734085,,,4.241828441619873,0.11141633987426758,,,,,3.574354405673045,0.21114465406807814,4.342590120103624,0.15505450509128513,,,4.670016174731047,0.31712693890655885
cifar10_stochastic_alpha_0_test_img_170-175_iters_500,img_173,5,5.29386862039566,0.28511387322551374,5.133740067481995,0.126959877760416,,,5.205645917045386,0.26056682036389395,,,5.468869177691908,0.24427751944472542,,,,,,,6.313467025756836,0.0,5.218029022216797,0.0
cifar10_stochastic_alpha_0_test_img_170-175_iters_500,img_172,3,2.1858081427812577,0.20773799673004553,,,2.1843608506023884,0.2073075307907083,2.621212363243103,0.1622558832168579,,,,,,,,,,,,,2.279959042867025,0.07681405952878284
cifar10_stochastic_alpha_0_test_img_170-175_iters_500,img_171,1,2.199409795284271,0.21403325942313864,,,,,,,,,,,,,,,2.199409795284271,0.21403325942313864,,,,
cifar10_stochastic_alpha_0_test_img_170-175_iters_500,img_170,6,3.6195995676517487,0.24073500513678797,3.7210391662558733,0.2137015804701769,,,,,3.8955816268920898,0.186403288280227,,,3.826404571533203,0.0,3.542086414489217,0.20584218853971661,3.670585012690906,0.22106074554079871,,,4.205477663448879,0.3610632848353718
cifar10_stochastic_alpha_0_test_img_170-175_iters_500,img_174,3,3.9090702559947967,0.26046868376451787,4.096397221088409,0.32180476672710845,3.9079307513021346,0.2597644946666755,,,,,,,,,,,,,,,4.293569564819336,0.0
cifar10_stochastic_alpha_0_test_img_220-225_iters_500,img_222,6,7.720336554527282,0.9651802538887115,,,6.37155343691508,0.2607439639295838,,,6.800336084867778,0.2359352069623211,,,6.597150054242876,0.24778967190375759,7.178621248765425,0.18789374787919136,6.426452198895541,0.23727526039935284,,,8.44086605542666,0.2876237886754357
cifar10_stochastic_alpha_0_test_img_220-225_iters_500,img_220,3,3.738908558130264,0.2284267648745615,,,,,,,,,3.797052508308774,0.25328584066119025,3.734934168674618,0.22340435413985404,,,4.268915033340454,0.3817816253595992,,,,
cifar10_stochastic_alpha_0_test_img_220-225_iters_500,img_221,3,1.0196214172244071,0.21992716117551087,,,,,,,1.0689437713623047,0.19822447199953594,1.0045928593529854,0.21780774983157902,,,1.1339390421355213,0.24768204656984957,,,,,,
cifar10_stochastic_alpha_0_test_img_220-225_iters_500,img_223,0,nan,nan,,,,,,,,,,,,,,,,,,,,
cifar10_stochastic_alpha_0_test_img_220-225_iters_500,img_224,5,2.9959373450279236,0.3543478496965426,,,,,,,3.7102098898454146,0.29149622065330927,2.7856713349657847,0.26375855042500607,3.07633760270108,0.24441082157123323,,,3.87201509475708,0.21040073056222008,,,3.2506715259604544,0.2623209903640994
cifar10_stochastic_alpha_0_test_img_275-280_iters_500,img_276,1,2.907984112739563,0.25970072371428027,,,,,,,,,,,,,,,2.907984112739563,0.25970072371428027,,,,
cifar10_stochastic_alpha_0_test_img_275-280_iters_500,img_278,0,nan,nan,,,,,,,,,,,,,,,,,,,,
cifar10_stochastic_alpha_0_test_img_275-280_iters_500,img_277,0,nan,nan,,,,,,,,,,,,,,,,,,,,
cifar10_stochastic_alpha_0_test_img_275-280_iters_500,img_279,0,nan,nan,,,,,,,,,,,,,,,,,,,,
cifar10_stochastic_alpha_0_test_img_275-280_iters_500,img_275,3,1.5822898743152618,0.23704936331095058,,,,,2.034655809402466,0.16130861507994512,1.5606703667910402,0.22024208756820984,,,1.7599366307258606,0.24120541564640122,,,,,,,,
cifar10_stochastic_alpha_0_test_img_100-105_iters_500,img_104,1,5.772211439132691,0.26965917179860405,,,,,,,,,,,,,,,,,,,5.772211439132691,0.26965917179860405
cifar10_stochastic_alpha_0_test_img_100-105_iters_500,img_103,5,4.385034591913223,0.38198089704224225,,,,,,,5.516024780273438,0.5459184110407205,,,4.131354115048393,0.35027520261666206,4.3514189651573165,0.2650310963779846,4.554211600073453,0.2396361263536026,,,4.928574955190411,0.26220151917904183
cifar10_stochastic_alpha_0_test_img_100-105_iters_500,img_101,2,2.5147719247341156,0.242255837927034,,,,,,,,,,,3.127370834350586,0.20962339814811065,,,2.5129285980251392,0.23999925854656043,,,,
cifar10_stochastic_alpha_0_test_img_100-105_iters_500,img_102,2,5.409009705066681,0.3520044264993948,,,,,6.395765781402588,0.0,5.408021961246525,0.35079268744991526,,,,,,,,,,,,
cifar10_stochastic_alpha_0_test_img_100-105_iters_500,img_100,2,2.670131726384163,0.27551388376763564,,,,,,,,,3.049216137992011,0.2582818229269077,2.666688981980055,0.2732663432637388,,,,,,,,
cifar10_stochastic_alpha_0_test_img_150-155_iters_500,img_152,3,3.34459729886055,0.3312289490557896,,,,,,,4.645789623260498,0.011066913604736328,,,3.3404170338105534,0.3227552810556999,,,,,,,4.909936904907227,0.0
cifar10_stochastic_alpha_0_test_img_150-155_iters_500,img_151,0,nan,nan,,,,,,,,,,,,,,,,,,,,
cifar10_stochastic_alpha_0_test_img_150-155_iters_500,img_150,0,nan,nan,,,,,,,,,,,,,,,,,,,,
cifar10_stochastic_alpha_0_test_img_150-155_iters_500,img_154,3,2.8945904669761657,0.22477940214402456,3.091524600982666,0.0,,,,,2.8811522095932243,0.21514164741159042,,,3.2702076505212223,0.15809604894552046,,,,,,,,
cifar10_stochastic_alpha_0_test_img_150-155_iters_500,img_153,2,2.8569675242900847,0.21660394525606988,3.1185163656870523,0.2688262349543306,,,,,,,,,,,,,,,,,2.8529845470099278,0.21324543862645237
cifar10_stochastic_alpha_0_test_img_110-115_iters_500,img_110,2,2.303563038945198,0.2586958257908552,,,,,,,,,2.3906430304050446,0.12448426073829984,,,2.3028607809495543,0.2593773698142356,,,,,,
cifar10_stochastic_alpha_0_test_img_110-115_iters_500,img_114,0,nan,nan,,,,,,,,,,,,,,,,,,,,
cifar10_stochastic_alpha_0_test_img_110-115_iters_500,img_113,5,3.368638252735138,0.2684400542471033,,,,,4.150768348148891,0.27067228246621355,3.64833509247258,0.2493800470650355,3.5621388475730935,0.1766629504777173,3.2741980823381165,0.20824387532442648,3.88328427534837,0.17309059928552098,,,,,,
cifar10_stochastic_alpha_0_test_img_110-115_iters_500,img_111,2,4.49131827712059,0.23561350916897128,,,5.494020700454712,0.01599287986755371,4.489308853426534,0.23152876990464014,,,,,,,,,,,,,,
cifar10_stochastic_alpha_0_test_img_110-115_iters_500,img_112,0,nan,nan,,,,,,,,,,,,,,,,,,,,
cifar10_stochastic_alpha_0_test_img_215-220_iters_500,img_216,2,2.4606672629117967,0.2825186545330266,,,,,,,2.4599103935982063,0.2825771909657123,,,,,,,2.712200164794922,0.07324246684268863,,,,
cifar10_stochastic_alpha_0_test_img_215-220_iters_500,img_219,0,nan,nan,,,,,,,,,,,,,,,,,,,,
cifar10_stochastic_alpha_0_test_img_215-220_iters_500,img_215,2,1.0802626473903656,0.21889768273248225,1.263824039697647,0.31774707984386014,,,,,,,1.0784084919125143,0.21687917801311712,,,,,,,,,,
cifar10_stochastic_alpha_0_test_img_215-220_iters_500,img_218,0,nan,nan,,,,,,,,,,,,,,,,,,,,
cifar10_stochastic_alpha_0_test_img_215-220_iters_500,img_217,4,4.590579193592071,0.3247029091151737,4.71196497676669,0.2384321677885002,4.516392620026119,0.24253942703740378,,,,,,,,,,,,,4.082284817155802,0.27300132909003233,5.582665741443634,0.3763489146248107
cifar10_stochastic_alpha_0_test_img_125-130_iters_500,img_129,2,2.0688554797172545,0.20174692585432116,2.067537175497057,0.20058648745608534,,,2.5069719155629477,0.05778469299977777,,,,,,,,,,,,,,
cifar10_stochastic_alpha_0_test_img_125-130_iters_500,img_128,0,nan,nan,,,,,,,,,,,,,,,,,,,,
cifar10_stochastic_alpha_0_test_img_125-130_iters_500,img_126,0,nan,nan,,,,,,,,,,,,,,,,,,,,
cifar10_stochastic_alpha_0_test_img_125-130_iters_500,img_125,0,nan,nan,,,,,,,,,,,,,,,,,,,,
cifar10_stochastic_alpha_0_test_img_125-130_iters_500,img_127,2,1.9466937574148178,0.2664473905834402,,,,,,,2.2510452270507812,0.0,,,1.9463891012890562,0.26640657249960287,,,,,,,,
cifar10_stochastic_alpha_0_test_img_145-150_iters_500,img_147,0,nan,nan,,,,,,,,,,,,,,,,,,,,
cifar10_stochastic_alpha_0_test_img_145-150_iters_500,img_146,1,3.081431652545929,0.33872440455396574,,,,,,,3.081431652545929,0.33872440455396574,,,,,,,,,,,,
cifar10_stochastic_alpha_0_test_img_145-150_iters_500,img_148,4,4.058972069501877,0.36056881572478283,,,,,3.951522280772527,0.3455447288884766,5.016759157180786,0.1860506534576416,,,4.635126070542769,0.361295529371023,,,4.189477690234962,0.31427232288719226,,,,
cifar10_stochastic_alpha_0_test_img_145-150_iters_500,img_149,0,nan,nan,,,,,,,,,,,,,,,,,,,,
cifar10_stochastic_alpha_0_test_img_145-150_iters_500,img_145,0,nan,nan,,,,,,,,,,,,,,,,,,,,
cifar10_stochastic_alpha_0_test_img_180-185_iters_500,img_180,5,3.591730075120926,0.2540712461833845,4.315291186173757,0.48460833313696666,,,,,3.9440039566584995,0.186440176542937,3.976284901301066,0.13703572127257815,,,,,,,3.3327827118337154,0.2237686211704229,3.5964021935765538,0.22512715055823845
cifar10_stochastic_alpha_0_test_img_180-185_iters_500,img_181,1,2.9739030935764315,0.2220039536413058,,,,,,,,,,,,,,,2.9739030935764315,0.2220039536413058,,,,
cifar10_stochastic_alpha_0_test_img_180-185_iters_500,img_184,0,nan,nan,,,,,,,,,,,,,,,,,,,,
cifar10_stochastic_alpha_0_test_img_180-185_iters_500,img_182,2,1.2482816791534423,0.24536674168075315,,,,,1.3560758829116821,0.21847945157144286,,,,,,,1.2461939218941085,0.24539148369976893,,,,,,
cifar10_stochastic_alpha_0_test_img_180-185_iters_500,img_183,4,1.122574663311243,0.26495374030221985,,,,,1.4626713857721927,0.2715248670907415,1.0349231433457342,0.22407097656811592,1.2977742105722427,0.17275882621569863,,,1.4777477830648422,0.2392324027133314,,,,,,
cifar10_stochastic_alpha_0_test_img_140-145_iters_500,img_143,0,nan,nan,,,,,,,,,,,,,,,,,,,,
cifar10_stochastic_alpha_0_test_img_140-145_iters_500,img_144,4,3.4913586094379423,0.3107465957033309,3.432900846207915,0.2676639460912484,3.9088358159722953,0.27157826131805013,,,,,,,,,,,,,4.062949478626251,0.1173193336778319,4.162013053894043,0.0
cifar10_stochastic_alpha_0_test_img_140-145_iters_500,img_141,1,5.357700298786163,0.2843717784569226,,,,,,,5.357700298786163,0.2843717784569226,,,,,,,,,,,,
cifar10_stochastic_alpha_0_test_img_140-145_iters_500,img_140,0,nan,nan,,,,,,,,,,,,,,,,,,,,
cifar10_stochastic_alpha_0_test_img_140-145_iters_500,img_142,1,0.43102273098379373,0.16934606955805187,,,,,,,0.43102273098379373,0.16934606955805187,,,,,,,,,,,,
cifar10_stochastic_alpha_0_test_img_235-240_iters_500,img_238,2,1.6180410192012786,0.2229512661403735,,,,,,,1.6167742523802333,0.2214565610162207,,,1.9334659576416016,0.33943366199693636,,,,,,,,
cifar10_stochastic_alpha_0_test_img_235-240_iters_500,img_239,1,1.9592707304954529,0.2022163340304907,,,,,1.9592707304954529,0.2022163340304907,,,,,,,,,,,,,,
cifar10_stochastic_alpha_0_test_img_235-240_iters_500,img_235,1,7.37927235364914,0.2772598623065691,7.37927235364914,0.2772598623065691,,,,,,,,,,,,,,,,,,
cifar10_stochastic_alpha_0_test_img_235-240_iters_500,img_237,0,nan,nan,,,,,,,,,,,,,,,,,,,,
cifar10_stochastic_alpha_0_test_img_235-240_iters_500,img_236,3,2.2808988711833953,0.25666967671265056,,,,,2.191320859399953,0.22692387761499408,,,2.4241062658173695,0.25942619223374885,,,2.311208381752173,0.2586196626768771,,,,,,
cifar10_stochastic_alpha_0_test_img_290-295_iters_500,img_293,0,nan,nan,,,,,,,,,,,,,,,,,,,,
cifar10_stochastic_alpha_0_test_img_290-295_iters_500,img_292,2,4.625373542070389,0.31747834845843403,,,,,4.671707630157471,0.0,,,4.625327161601833,0.31763382059718775,,,,,,,,,,
cifar10_stochastic_alpha_0_test_img_290-295_iters_500,img_290,2,6.381710686683655,0.27402931316107654,,,,,,,,,,,,,6.15785539150238,0.2964600461100655,,,,,6.382609703933379,0.27356647258693384
cifar10_stochastic_alpha_0_test_img_290-295_iters_500,img_291,5,3.270185342311859,0.2654546679604322,,,,,3.93074369430542,0.498973270576681,3.66620470718904,0.1990741780868794,3.7744617316187643,0.130525261783283,3.2155252817486013,0.21290849174448695,3.8776033520698547,0.16819771171268155,,,,,,
cifar10_stochastic_alpha_0_test_img_290-295_iters_500,img_294,5,2.308491133451462,0.40182530117644516,,,4.186066150665283,0.0,,,3.0579590797424316,0.6724268965715076,,,2.2806100339004676,0.3553528893771475,,,3.54256329536438,0.3659021891495785,,,4.0674591064453125,0.0
cifar10_stochastic_alpha_0_test_img_260-265_iters_500,img_261,6,4.654854280471802,0.45981825870621346,,,5.429293274879456,0.33177504753941506,4.253150463104248,0.0,,,3.8761215324861458,0.274196786327136,,,4.627634207407634,0.22589503291573892,,,4.439524173736572,0.0,4.799475813557154,0.29250849069310103
cifar10_stochastic_alpha_0_test_img_260-265_iters_500,img_260,3,2.5071539841890336,0.2568318434451611,,,,,,,2.624180228535722,0.25493325182194293,,,,,2.475430461609861,0.24711128103150898,,,2.7828855514526367,0.3279376352502058,,
cifar10_stochastic_alpha_0_test_img_260-265_iters_500,img_263,0,nan,nan,,,,,,,,,,,,,,,,,,,,
cifar10_stochastic_alpha_0_test_img_260-265_iters_500,img_264,3,3.6101097185611724,0.2673975790725658,,,3.817885448124783,0.2606494798395714,3.578244724317328,0.25235090030541923,,,,,,,,,,,4.1519380569458,0.09464035662088102,,
cifar10_stochastic_alpha_0_test_img_260-265_iters_500,img_262,0,nan,nan,,,,,,,,,,,,,,,,,,,,
cifar10_stochastic_alpha_0_test_img_205-210_iters_500,img_206,1,2.3323368779420854,0.26780912818060787,,,,,,,,,,,,,,,,,2.3323368779420854,0.26780912818060787,,
cifar10_stochastic_alpha_0_test_img_205-210_iters_500,img_209,4,3.9759399943351745,0.2750895803784339,4.309513092041016,0.2368178367614746,3.946054687686995,0.2631086587058161,4.156375208267799,0.23404404610412902,,,,,,,,,,,,,5.762776851654053,0.0
cifar10_stochastic_alpha_0_test_img_205-210_iters_500,img_207,2,4.3401479778289795,0.23141918614288212,,,,,,,,,4.33980711372765,0.23128393767752614,4.680671215057373,0.0,,,,,,,,
cifar10_stochastic_alpha_0_test_img_205-210_iters_500,img_205,4,3.6037438063621523,0.2925623759091037,,,,,,,4.7633406321207685,0.4327921440590395,3.460989710752388,0.19762715906211872,3.8150684671886896,0.18582229113668608,4.177527412772179,0.24844465513804795,,,,,,
cifar10_stochastic_alpha_0_test_img_205-210_iters_500,img_208,4,3.7847261128425598,0.23636528073678173,,,,,3.8326082837581636,0.2228388928692163,,,4.003456901101505,0.2047461914201611,3.7637356447590515,0.23196565933994684,,,4.287182132403056,0.21855352176404214,,,,
cifar10_stochastic_alpha_0_test_img_200-205_iters_500,img_203,8,6.113943957805634,0.3367373670537031,6.076241284608841,0.287352482495005,5.752669345764887,0.2601731012305421,6.4034374237060545,0.36070040765025196,7.254324436187744,0.0,6.174897337636204,0.28758975905288575,6.2933863265604915,0.24145306768787997,,,7.591154098510742,0.3850739612349332,,,5.936068088531494,0.2815056914291025
cifar10_stochastic_alpha_0_test_img_200-205_iters_500,img_201,4,1.8150228453874588,0.2383353852873682,1.8102084347848806,0.23132401774098113,2.7055846452713013,0.11377489566802979,,,,,,,,,,,,,2.273907423019409,0.0,2.450198233127594,0.22806674680135772
cifar10_stochastic_alpha_0_test_img_200-205_iters_500,img_204,2,5.316480508327484,0.38502759521692526,,,,,,,,,,,,,5.246742440279199,0.2555750515005104,,,,,6.514707313884388,0.2319146789840338
cifar10_stochastic_alpha_0_test_img_200-205_iters_500,img_202,1,2.392171906709671,0.24275545704869814,2.392171906709671,0.24275545704869814,,,,,,,,,,,,,,,,,,
cifar10_stochastic_alpha_0_test_img_200-205_iters_500,img_200,5,4.299214775085449,0.42719507839930326,,,,,4.889660040537517,0.08078351792220982,4.439021940273335,0.27221788632080524,,,5.135781526565552,0.6287325415034982,,,3.9964889871775426,0.32531491837955956,,,4.94228042602539,0.25474014633614894
cifar10_stochastic_alpha_0_test_img_105-110_iters_500,img_107,6,6.196204480171204,0.40515822621316805,,,6.7068974093387,0.3248441001592767,6.1754557592510295,0.37458824974287264,6.0686116218566895,0.18357937749432138,,,6.196556806564331,0.2811570071135192,9.204864501953125,0.01891040802001953,,,,,6.688291332938454,0.3753918829889214
cifar10_stochastic_alpha_0_test_img_105-110_iters_500,img_109,0,nan,nan,,,,,,,,,,,,,,,,,,,,
cifar10_stochastic_alpha_0_test_img_105-110_iters_500,img_106,0,nan,nan,,,,,,,,,,,,,,,,,,,,
cifar10_stochastic_alpha_0_test_img_105-110_iters_500,img_105,2,3.408840579032898,0.31524395722895954,,,4.207757514715195,0.3150165994880425,,,,,,,,,,,,,3.3393695411474806,0.197644628461878,,
cifar10_stochastic_alpha_0_test_img_105-110_iters_500,img_108,0,nan,nan,,,,,,,,,,,,,,,,,,,,
cifar10_stochastic_alpha_0_test_img_130-135_iters_500,img_132,2,1.6795395070314407,0.2754811124006876,,,,,,,,,,,,,,,,,1.6937520205974579,0.24467559095636837,1.6794824286637058,0.27559640964140675
cifar10_stochastic_alpha_0_test_img_130-135_iters_500,img_133,2,7.186217612266541,0.7021237683125617,,,6.579044935855079,0.25653229695837343,,,,,,,,,,,,,,,7.8819905933904035,0.2755467968297164
cifar10_stochastic_alpha_0_test_img_130-135_iters_500,img_134,4,5.209653342723846,0.2981103456153034,4.9404473304748535,0.0,6.173918708165487,0.2280029866706886,,,4.476966857910156,0.10772592622028067,,,,,,,,,,,5.188151042496237,0.23491615871084315
cifar10_stochastic_alpha_0_test_img_130-135_iters_500,img_130,4,4.4442922723293306,0.33016069237600737,,,,,4.48692759064469,0.2323647068039355,,,5.729925140257804,0.2150262817386732,4.323336672203744,0.2148518603248391,,,4.427872816721599,0.14507070036104908,,,,
cifar10_stochastic_alpha_0_test_img_130-135_iters_500,img_131,1,4.949314180850982,0.23403043688645134,,,,,,,,,,,,,,,,,,,4.949314180850982,0.23403043688645134
cifar10_stochastic_alpha_0_test_img_135-140_iters_500,img_139,0,nan,nan,,,,,,,,,,,,,,,,,,,,
cifar10_stochastic_alpha_0_test_img_135-140_iters_500,img_135,6,3.7189894435405733,0.2563630145362696,,,3.904758095741272,0.23615918917777107,4.449184131622315,0.27324620110693304,3.955849351791235,0.2591078688010096,3.5237482909498543,0.18652269757546328,3.6906966882322747,0.2193982349796324,,,3.673865567516367,0.20448182691535233,,,,
cifar10_stochastic_alpha_0_test_img_135-140_iters_500,img_136,3,3.9414297521114348,0.32942102237530085,,,3.9763528573597577,0.29781976968213436,,,,,,,,,,,3.697976107597351,0.2493281155426713,,,5.684704661369324,0.7207486812395549
cifar10_stochastic_alpha_0_test_img_135-140_iters_500,img_138,3,2.2680406135320665,0.2213392970062732,,,,,2.647983972842877,0.21502943344307018,,,2.3677993487744105,0.18605938635292138,,,2.2089650394729756,0.21202674847447245,,,,,,
cifar10_stochastic_alpha_0_test_img_135-140_iters_500,img_137,1,4.562356503486633,0.2078964943737662,,,,,,,,,4.562356503486633,0.2078964943737662,,,,,,,,,,
cifar10_stochastic_alpha_0_test_img_280-285_iters_500,img_280,4,5.35122332239151,0.23704204689848352,5.314041687892034,0.2515337164308943,5.351325931956957,0.2360447492508711,,,,,,,,,,,,,5.256141781806946,0.06328124308609276,6.114148139953613,0.0
cifar10_stochastic_alpha_0_test_img_280-285_iters_500,img_284,0,nan,nan,,,,,,,,,,,,,,,,,,,,
cifar10_stochastic_alpha_0_test_img_280-285_iters_500,img_281,3,0.7307753434330225,0.2505645701047108,1.1647693157196044,0.2090087664439278,1.1979765892028809,0.0,,,,,,,,,,,,,,,0.7281222537879493,0.2485312043413937
cifar10_stochastic_alpha_0_test_img_280-285_iters_500,img_283,2,4.984604661941528,0.2997521894554973,,,6.3118813037872314,0.26628123081105953,,,,,,,,,,,,,,,4.979274233661023,0.28779175760097747
cifar10_stochastic_alpha_0_test_img_280-285_iters_500,img_282,0,nan,nan,,,,,,,,,,,,,,,,,,,,
cifar10_stochastic_alpha_0_test_img_240-245_iters_500,img_242,0,nan,nan,,,,,,,,,,,,,,,,,,,,
cifar10_stochastic_alpha_0_test_img_240-245_iters_500,img_243,3,2.864881893157959,0.24190783770652982,,,,,,,,,,,2.8973819851875304,0.25470816151448633,,,2.8620279556793693,0.24050956986108027,,,3.149983215332031,0.2126380710938664
cifar10_stochastic_alpha_0_test_img_240-245_iters_500,img_240,1,7.151682194232941,0.2975095450154783,,,,,,,,,,,,,,,,,,,7.151682194232941,0.2975095450154783
cifar10_stochastic_alpha_0_test_img_240-245_iters_500,img_241,1,2.8584039368629455,0.24952569920686019,,,,,,,,,,,,,,,,,,,2.8584039368629455,0.24952569920686019
cifar10_stochastic_alpha_0_test_img_240-245_iters_500,img_244,6,6.6483841295242305,0.6785763026533259,8.3408406923895,0.27941496019673745,6.15834660444431,0.34499345310988766,,,,,6.909955342610677,0.29583460643838416,,,,,6.965963970531117,0.2144418119602516,6.5358123779296875,0.274303723752104,6.952210704687283,0.2553534059595582
cifar10_stochastic_alpha_0_test_img_295-300_iters_500,img_297,2,3.592343051671982,0.24240501185269983,4.272567441066106,0.21376231658838768,,,,,,,,,,,,,,,3.575616222424585,0.21776982671250236,,
cifar10_stochastic_alpha_0_test_img_295-300_iters_500,img_299,4,5.9217477459907535,0.3502140766160811,,,,,,,,,6.230788300677044,0.2697420110991977,5.833691218445762,0.3036748348490245,7.524028619130452,0.6783341940574062,5.977383353493431,0.29548396673449523,,,,
cifar10_stochastic_alpha_0_test_img_295-300_iters_500,img_298,1,4.201742880821228,0.23019520576179792,,,,,4.201742880821228,0.23019520576179792,,,,,,,,,,,,,,
cifar10_stochastic_alpha_0_test_img_295-300_iters_500,img_296,6,8.008765539169312,1.2406976881501972,,,8.121228337287903,0.35970722668439925,,,,,7.109205913543701,0.2994192848660725,7.056031782934271,0.3836735833759539,9.932846850297583,0.3738785094973747,7.631285972595215,0.2942948563068139,,,8.113610732090937,0.34037093780318667
cifar10_stochastic_alpha_0_test_img_295-300_iters_500,img_295,0,nan,nan,,,,,,,,,,,,,,,,,,,,
cifar10_stochastic_alpha_0_test_img_270-275_iters_500,img_271,2,1.1936410949826242,0.1869592134627558,,,,,,,1.1513755857944488,0.12594818002536076,1.194068019317858,0.1874256051297806,,,,,,,,,,
cifar10_stochastic_alpha_0_test_img_270-275_iters_500,img_272,2,6.141923789978027,0.40144302509141333,,,,,,,6.281274391850002,0.3312701216396556,,,5.788869438238784,0.3428969410791429,,,,,,,,
cifar10_stochastic_alpha_0_test_img_270-275_iters_500,img_274,3,2.3912905523777006,0.21506251591550163,2.5228671910332854,0.17688087794995075,,,,,,,,,,,,,,,2.714166831970215,0.22249554295250581,2.371053746748899,0.2118929342853929
cifar10_stochastic_alpha_0_test_img_270-275_iters_500,img_273,2,1.9445252332687377,0.31789992337856904,,,,,,,2.2795976797739663,0.443907396795938,,,1.9373377752742436,0.3107109262772516,,,,,,,,
cifar10_stochastic_alpha_0_test_img_270-275_iters_500,img_270,4,1.9020316978693008,0.2121374730032913,,,,,2.2509696697577453,0.22173409776982295,,,1.8818929265050783,0.1913469285891394,1.8737329687222395,0.1998536276974888,,,2.2033316156138545,0.18323401017122817,,,,
cifar10_stochastic_alpha_0_test_img_185-190_iters_500,img_186,4,2.9162849974632263,0.44229677202140466,,,,,2.881919459806284,0.4166045842510409,,,3.776249498128891,0.18978622074362642,3.6155007680257163,0.30485960921996247,3.522249190012614,0.4776540773835186,,,,,,
cifar10_stochastic_alpha_0_test_img_185-190_iters_500,img_187,2,1.530936558842659,0.23454491227962387,,,,,1.5302903995007455,0.23379618349647524,1.8533700704574585,0.3547099828720093,,,,,,,,,,,,
cifar10_stochastic_alpha_0_test_img_185-190_iters_500,img_189,0,nan,nan,,,,,,,,,,,,,,,,,,,,
cifar10_stochastic_alpha_0_test_img_185-190_iters_500,img_185,4,4.0884959573745725,0.1992849459953889,4.10378410935089,0.2238909298408569,,,3.9948244042448944,0.1919494973779076,,,4.10528288442035,0.1493175855176073,,,,,,,4.660647119794573,0.17908563325914756,,
cifar10_stochastic_alpha_0_test_img_185-190_iters_500,img_188,0,nan,nan,,,,,,,,,,,,,,,,,,,,
cifar10_stochastic_alpha_0_test_img_250-255_iters_500,img_254,0,nan,nan,,,,,,,,,,,,,,,,,,,,
cifar10_stochastic_alpha_0_test_img_250-255_iters_500,img_250,2,1.221491006076336,0.2531352294136903,,,,,,,,,,,1.4264863729476929,0.0,,,1.221285805508897,0.2531787484829655,,,,
cifar10_stochastic_alpha_0_test_img_250-255_iters_500,img_251,0,nan,nan,,,,,,,,,,,,,,,,,,,,
cifar10_stochastic_alpha_0_test_img_250-255_iters_500,img_253,2,1.4290671022534371,0.25698659666566986,,,,,,,,,,,,,1.4290452836989402,0.2571142606616137,,,,,1.4508638381958008,0.0
cifar10_stochastic_alpha_0_test_img_250-255_iters_500,img_252,1,2.941992748975754,0.2605005402063766,,,,,,,,,,,,,2.941992748975754,0.2605005402063766,,,,,,
cifar10_stochastic_alpha_0_test_img_285-290_iters_500,img_289,4,3.833487918138504,0.2864789638153818,3.7136088881253277,0.25139749886657264,3.8735973238945007,0.2782370758348772,,,,,,,,,,,,,3.7303935219259823,0.23892281525400597,4.814113259315491,0.1447200421687461
cifar10_stochastic_alpha_0_test_img_285-290_iters_500,img_288,5,4.9699346647262574,0.2695616631132484,5.029489272170597,0.2525002830166201,5.38266134262085,0.034366790693932406,,,4.936697220583574,0.2518168430462094,,,5.538972705602646,0.23464761207067794,,,6.046727657318115,0.04795551300048828,,,,
cifar10_stochastic_alpha_0_test_img_285-290_iters_500,img_285,7,5.584917799472809,0.3913941840897617,7.057425022125244,0.0,6.551923990249634,0.27221035957336426,,,5.489999616485761,0.23198532676670008,,,,,5.685173108027532,0.25314883646176484,6.055471508591263,0.18594925057572628,5.656667232513428,0.1920868472882408,8.056389625255878,0.18740640005542145
cifar10_stochastic_alpha_0_test_img_285-290_iters_500,img_286,1,5.258888351440429,0.2893316369619033,,,,,,,,,,,,,,,,,,,5.258888351440429,0.2893316369619033
cifar10_stochastic_alpha_0_test_img_285-290_iters_500,img_287,0,nan,nan,,,,,,,,,,,,,,,,,,,,
cifar10_stochastic_alpha_0_test_img_265-270_iters_500,img_265,1,3.451437506914139,0.21184513756017084,3.451437506914139,0.21184513756017084,,,,,,,,,,,,,,,,,,
cifar10_stochastic_alpha_0_test_img_265-270_iters_500,img_267,7,4.745490661144257,0.31240892163838646,,,4.7050051557401495,0.30463085800110007,,,4.729377037684123,0.28858258447201574,5.67662410736084,0.3669568903814271,4.856309652328491,0.25716567039489746,4.488908427102225,0.26890938076659454,4.816151811230567,0.2761562818849725,,,4.981589172197425,0.2637941630563052
cifar10_stochastic_alpha_0_test_img_265-270_iters_500,img_269,2,2.4307206144332887,0.16761329994954074,2.955941367149353,0.1832330556088443,,,,,2.4088364164034526,0.12606714997805848,,,,,,,,,,,,
cifar10_stochastic_alpha_0_test_img_265-270_iters_500,img_268,2,4.242310434579849,0.24448252558716457,,,,,,,,,4.241674938001432,0.24377793368792258,,,,,4.877171516418457,0.0,,,,
cifar10_stochastic_alpha_0_test_img_265-270_iters_500,img_266,3,0.5909198729991912,0.20576634215230477,0.5557459732799819,0.19130082536589746,,,0.73091753970745,0.2991875349000086,0.6115874325988269,0.20079422121116364,,,,,,,,,,,,
cifar10_stochastic_alpha_0_test_img_175-180_iters_500,img_178,2,1.0369371334016324,0.2645367738762362,,,,,,,1.0364735825462743,0.26426289011480797,,,1.500024437904358,0.0,,,,,,,,
cifar10_stochastic_alpha_0_test_img_175-180_iters_500,img_179,0,nan,nan,,,,,,,,,,,,,,,,,,,,
cifar10_stochastic_alpha_0_test_img_175-180_iters_500,img_175,3,6.910515950202942,0.7520617826561486,,,6.2322899937874485,0.32409232419844153,,,,,,,,,,,5.254945119222005,0.2199540919466794,,,7.56789389778586,0.3477290497614216
cifar10_stochastic_alpha_0_test_img_175-180_iters_500,img_177,4,4.119359457969666,0.26498546202387185,,,,,4.026377867907286,0.23595955192661872,,,4.153809692697286,0.2212637491604846,,,4.424281761050224,0.20046983901875157,4.156328201293945,0.0,,,,
cifar10_stochastic_alpha_0_test_img_175-180_iters_500,img_176,0,nan,nan,,,,,,,,,,,,,,,,,,,,
cifar10_stochastic_alpha_0_test_img_255-260_iters_500,img_255,0,nan,nan,,,,,,,,,,,,,,,,,,,,
cifar10_stochastic_alpha_0_test_img_255-260_iters_500,img_258,0,nan,nan,,,,,,,,,,,,,,,,,,,,
cifar10_stochastic_alpha_0_test_img_255-260_iters_500,img_256,1,1.4102052952647208,0.24827620135160347,,,,,,,,,,,,,1.4102052952647208,0.24827620135160347,,,,,,
cifar10_stochastic_alpha_0_test_img_255-260_iters_500,img_259,0,nan,nan,,,,,,,,,,,,,,,,,,,,
cifar10_stochastic_alpha_0_test_img_255-260_iters_500,img_257,4,4.598901052236557,0.3501495342472808,5.471203088760376,0.10413432121276855,4.662625880092108,0.22520039366924613,,,,,,,,,,,,,4.2575275095303855,0.2626361560246045,5.025126066515522,0.22004666832572367
cifar10_stochastic_alpha_0_test_img_160-165_iters_500,img_164,0,nan,nan,,,,,,,,,,,,,,,,,,,,
cifar10_stochastic_alpha_0_test_img_160-165_iters_500,img_160,0,nan,nan,,,,,,,,,,,,,,,,,,,,
cifar10_stochastic_alpha_0_test_img_160-165_iters_500,img_162,3,1.5591765560507775,0.3633622279285457,,,,,,,1.7993712442558865,0.3176674159134301,,,1.5006682258442137,0.34402979126319677,2.0492383058254537,0.4278122849637392,,,,,,
cifar10_stochastic_alpha_0_test_img_160-165_iters_500,img_163,3,1.6903826657533645,0.2927586165383143,,,,,1.785073639119713,0.2919254334807979,,,1.5972903740146887,0.24845389598207365,,,2.0341122216648526,0.3245041628708427,,,,,,
cifar10_stochastic_alpha_0_test_img_160-165_iters_500,img_161,3,5.66897792673111,0.27154813979882264,,,,,4.228956699371338,0.16303110122680664,,,,,,,4.791892051696777,0.0,,,,,5.672746360361756,0.2626049459353821
cifar10_stochastic_alpha_0_test_img_115-120_iters_500,img_117,3,2.3644403665065767,0.26414406321686085,,,,,2.5438659845943183,0.24079876318437074,2.345141726251781,0.2523846955063625,2.8168888092041016,0.4573617924489575,,,,,,,,,,
cifar10_stochastic_alpha_0_test_img_115-120_iters_500,img_116,3,5.242532272338867,0.22541515075173124,6.6006999015808105,0.0,,,5.240933152925165,0.22400611954399618,,,5.247972937191234,0.1261897651358602,,,,,,,,,,
cifar10_stochastic_alpha_0_test_img_115-120_iters_500,img_115,3,1.4048329496979712,0.31408509608394497,,,,,,,1.5906697362661362,0.18206380946623,1.8980522900819778,0.28218804320153895,,,,,1.3952241343919372,0.3084392679869984,,,,
cifar10_stochastic_alpha_0_test_img_115-120_iters_500,img_119,0,nan,nan,,,,,,,,,,,,,,,,,,,,
cifar10_stochastic_alpha_0_test_img_115-120_iters_500,img_118,0,nan,nan,,,,,,,,,,,,,,,,,,,,
cifar10_stochastic_alpha_0_test_img_230-235_iters_500,img_233,0,nan,nan,,,,,,,,,,,,,,,,,,,,
cifar10_stochastic_alpha_0_test_img_230-235_iters_500,img_230,0,nan,nan,,,,,,,,,,,,,,,,,,,,
cifar10_stochastic_alpha_0_test_img_230-235_iters_500,img_232,4,1.562424619913101,0.3766385369047531,,,2.5782833099365234,0.0,,,1.482891190814101,0.3039959903512888,,,1.8893481935773577,0.36368540229336765,,,2.2125734849409624,0.3155442018741545,,,,
cifar10_stochastic_alpha_0_test_img_230-235_iters_500,img_231,1,6.728999995708466,0.26899896414563024,,,,,,,,,,,,,,,,,,,6.728999995708466,0.26899896414563024
cifar10_stochastic_alpha_0_test_img_230-235_iters_500,img_234,3,3.225428073644638,0.20117704055787466,3.222746846834159,0.19963165276207462,,,,,,,,,,,,,,,3.4927560091018677,0.057846903800964355,3.285723567008972,0.22841820604064694
cifar10_stochastic_alpha_0_test_img_245-250_iters_500,img_247,0,nan,nan,,,,,,,,,,,,,,,,,,,,
cifar10_stochastic_alpha_0_test_img_245-250_iters_500,img_248,6,4.703611155033111,0.2576995303419063,,,,,6.052170753479004,0.4052520801898519,5.020520114898682,0.22945957577268605,4.876785119374593,0.0628774285174171,5.064470291137695,0.0,4.688953808094572,0.2226152398098773,4.633058018154568,0.2378593935096929,,,,
cifar10_stochastic_alpha_0_test_img_245-250_iters_500,img_249,0,nan,nan,,,,,,,,,,,,,,,,,,,,
cifar10_stochastic_alpha_0_test_img_245-250_iters_500,img_246,3,1.201357066810131,0.24465809899793373,1.8107766509056091,0.11604334375740523,1.4768371326582772,0.3089465162103454,,,,,,,,,,,,,,,1.194947291598058,0.23854422182155122
cifar10_stochastic_alpha_0_test_img_245-250_iters_500,img_245,0,nan,nan,,,,,,,,,,,,,,,,,,,,
